angle,curLapTime,damage,distFromStart,distRaced,fuel,gear,lastLapTime,opponents_0,opponents_1,opponents_2,opponents_3,opponents_4,opponents_5,opponents_6,opponents_7,opponents_8,opponents_9,opponents_10,opponents_11,opponents_12,opponents_13,opponents_14,opponents_15,opponents_16,opponents_17,opponents_18,opponents_19,opponents_20,opponents_21,opponents_22,opponents_23,opponents_24,opponents_25,opponents_26,opponents_27,opponents_28,opponents_29,opponents_30,opponents_31,opponents_32,opponents_33,opponents_34,opponents_35,racePos,rpm,speedX,speedY,speedZ,track_0,track_1,track_2,track_3,track_4,track_5,track_6,track_7,track_8,track_9,track_10,track_11,track_12,track_13,track_14,track_15,track_16,track_17,track_18,trackPos,wheelSpinVel_0,wheelSpinVel_1,wheelSpinVel_2,wheelSpinVel_3,z,focus_0,focus_1,focus_2,focus_3,focus_4,accel,brake,clutch,gear,steer,focus_0,focus_1,focus_2,focus_3,focus_4,meta
0.0110375,1.004,1,3270.98,1.57959,93.9774,1,0,200,200,200,200,200,200,200,200,200,200,200,200,200,200,200,200,200,200,200,200,200,200,200,200,200,200,200,200,200,200,200,13.2514,200,200,200,200,1,1672.5,14.0047,0.0687671,0.0430892,14.2292,31.5757,50.4808,89.7142,169.384,200,200,200,200,200,200,200,200,200,200,150.96,91.6804,59.6757,28.0472,0.336673,12.4657,11.6291,12.003,12.003,0.34536,-1,-1,-1,-1,-1,0.9,0,0,1,-0.029674921,-90,-45,0,45,90,0
0.0144665,2.006,1,3278.29,8.88721,93.9668,1,0,200,200,200,200,200,200,200,200,200,200,200,200,200,200,200,200,200,200,200,200,200,200,200,200,200,200,200,200,200,200,200,12.0247,200,200,200,200,1,5949.28,42.1674,0.740701,-0.0343749,14.3089,31.9714,51.4632,92.75,180.237,200,200,200,200,200,200,200,200,200,200,147.044,90.2069,59.0473,27.925,0.335302,35.3291,35.395,43.9252,43.9252,0.344835,-1,-1,-1,-1,-1,0.9,0,0,1,0.025557842,-90,-45,0,45,90,0
0.012624,3.018,1,3293.74,24.3354,93.9486,2,0,200,200,200,200,200,200,200,200,200,200,200,200,200,200,200,200,200,200,200,200,200,200,200,200,200,200,200,200,200,200,200,9.92508,200,200,200,200,1,4995.13,65.8648,0.500368,0.101664,14.3243,31.8875,51.1393,91.4675,174.956,200,200,200,200,200,200,200,200,200,200,148.82,90.8081,59.2627,27.9337,0.333324,55.2814,55.2804,58.2044,58.2044,0.343813,-1,-1,-1,-1,-1,0.9,0,0,2,0.000862882,-90,-45,0,45,90,0
0.0122089,4.008,1,20.4091,45.4075,93.9299,3,0,200,200,200,200,200,200,200,200,200,200,200,200,200,200,200,200,200,200,200,200,200,200,200,200,200,200,200,200,200,200,7.71407,200,200,200,200,200,1,4627.14,84.4705,0.55128,0.121933,14.4808,32.2091,51.6124,92.1581,175.669,200,200,200,200,200,200,200,200,200,200,148.43,90.459,58.9946,27.7863,0.325755,70.9318,70.9248,73.3817,73.3817,0.341917,-1,-1,-1,-1,-1,0.9,0,0,3,-0.000797772,-90,-45,0,45,90,0
0.0118278,5.02,1,46.5483,71.5466,93.9084,3,0,200,200,200,200,200,200,200,200,200,200,200,200,200,200,200,200,200,200,200,200,200,200,200,200,200,200,6.62535,200,200,200,200,200,200,200,200,200,2,5587.92,101.734,0.636858,0.147144,14.6846,32.6377,52.2598,93.1704,177.041,200,200,200,200,200,200,200,200,200,200,147.754,89.9453,58.6227,27.5921,0.315996,85.4202,85.4243,88.7181,88.7181,0.340362,-1,-1,-1,-1,-1,0.9,0,0,3,-0.001616049,-90,-45,0,45,90,0
0.0113946,6.01,1,76.9946,101.993,93.8808,3,0,200,200,200,200,200,200,200,200,200,200,200,200,200,200,200,200,200,200,200,200,200,200,200,8.23348,200,200,200,200,200,200,200,200,200,200,200,200,2,6572.63,119.807,0.711263,0.16811,14.9177,33.1271,52.9981,94.3225,178.599,200,200,200,200,200,200,200,200,200,200,146.973,89.3542,58.1958,27.3696,0.304831,100.597,100.593,104.327,104.327,0.338284,-1,-1,-1,-1,-1,0.9,0,0,3,-0.001486883,-90,-45,0,45,90,0
0.0108747,7,1,110.028,135.026,93.8735,4,0,200,200,200,200,200,200,200,200,200,200,200,200,200,200,200,200,200,200,200,200,13.1027,200,200,200,200,200,200,200,200,200,200,200,200,200,200,200,2,5210.97,121.73,0.678571,0.150739,15.1681,33.6483,53.777,95.5101,180.092,200,200,200,200,200,200,200,200,200,200,146.182,88.735,57.7428,27.1307,0.292788,102.226,102.241,105.199,105.199,0.337724,-1,-1,-1,-1,-1,0.9,0,0,4,-0.003668915,-90,-45,0,45,90,0
0.0104594,8.01,1,145.968,170.966,93.8495,4,0,200,200,200,200,200,200,200,200,200,200,200,200,200,200,200,200,200,200,200,20.7096,200,200,200,200,200,200,200,200,200,200,200,200,200,200,200,200,2,5751.95,134.488,0.728471,0.169933,15.4263,34.1929,54.6031,96.8177,200,200,200,200,200,200,200,200,200,200,200,145.236,88.0509,57.2581,26.8826,0.280442,112.951,112.947,116.204,116.204,0.336436,-1,-1,-1,-1,-1,0.9,0,0,4,-0.001720696,-90,-45,0,45,90,0
0.00990124,9.01,1,185.108,210.107,93.8221,4,0,200,200,200,200,200,200,200,200,200,200,200,200,200,200,200,200,200,200,28.2458,200,200,200,200,200,200,200,200,200,200,200,200,200,200,200,200,200,2,6297.83,147.327,0.748854,0.182241,15.6933,34.7462,55.4263,98.0615,200,200,200,200,200,200,200,200,200,198.272,178.429,139.409,87.3841,56.7715,26.6269,0.267572,123.728,123.73,127.216,127.216,0.33404,-1,-1,-1,-1,-1,0.9,0,0,4,-0.003016208,-90,-45,0,45,90,0
0.00947238,10.01,1,226.642,251.64,93.8102,5,0,200,200,200,200,200,200,200,200,200,200,200,200,200,200,200,200,200,200,36,200,200,200,200,200,200,200,200,200,200,200,200,200,200,200,200,200,2,5228.93,150.134,0.760382,0.179414,15.9631,35.3136,56.2846,200,200,200,200,200,196.444,190.967,185.547,180.189,172.801,164.53,149.582,122.277,86.0342,56.2608,26.3666,0.254653,126.165,126.157,127.321,127.313,0.333651,-1,-1,-1,-1,-1,0.9,0,0,5,-0.002046704,-90,-45,0,45,90,0
0.0088855,11.01,1,268.242,293.24,93.8042,4,0,200,200,200,200,200,200,200,200,200,200,200,200,200,200,200,200,200,200,46.3664,200,200,200,200,200,200,200,200,200,200,200,200,200,200,200,200,200,2,6161.16,149.43,0.725712,0.155894,16.2043,35.8257,62.7922,200,187.119,172.747,165.359,159.065,154.671,150.365,146.149,142.026,136.412,130.229,119.322,100.233,76.0233,54.4466,26.1355,0.24294,125.559,125.572,126.711,126.724,0.333473,-1,-1,-1,-1,-1,0.9,0,0,4,-0.00485158,-90,-45,0,45,90,0
0.00972335,12.01,1,309.924,334.923,93.7956,5,0,200,200,200,200,200,200,200,200,200,200,200,200,200,200,200,200,200,58.9751,200,200,200,200,200,200,200,200,200,200,200,200,200,200,200,200,200,200,2,5198.98,149.913,0.2407,1.01326,16.7676,43.5501,200,174.69,148.461,136.531,130.515,125.454,121.955,118.555,115.253,112.048,107.725,103.016,94.8346,80.8492,63.4594,47.7841,25.3058,0.2297,126.44,125.507,127.575,126.683,0.334833,-1,-1,-1,-1,-1,0.9,0,0,4,0.03979897,-90,-45,0,45,90,0
0.00885309,13.01,1,351.81,376.808,93.7884,4,0,200,200,200,200,200,200,200,200,200,200,200,200,200,200,200,200,200,73.6371,200,200,200,200,200,200,200,200,200,200,200,200,200,200,200,200,200,200,2,6152.56,149.13,0.0341713,3.40442,17.3126,45.1619,200,173.783,147.683,135.697,129.654,124.573,121.06,117.648,114.334,111.119,106.784,102.064,93.8699,79.8867,62.5549,46.998,24.8138,0.204342,125.589,125.047,126.726,126.204,0.332275,-1,-1,-1,-1,-1,0.9,0,0,4,0.019086916281710747,-90,-45,0,45,90,0
0.00826344,14.01,1,393.645,418.643,93.7781,4,0,200,200,200,200,200,200,200,200,200,200,200,200,200,200,200,200,200,90.14,200,200,200,200,200,200,200,200,200,200,200,200,200,200,200,200,200,200,2,6389.42,149.581,0.0856018,4.41345,17.8065,46.6687,200,169.707,145.813,134.481,128.638,123.65,120.163,116.745,113.423,110.201,105.858,101.131,92.9328,78.9637,61.7012,46.2668,24.3656,0.181514,125.883,125.378,129.113,129.113,0.333688,-1,-1,-1,-1,-1,0.9,0,0,4,0.020917851891103775,-90,-45,0,45,90,0
0.00701663,15.01,1,435.463,460.462,93.7687,5,0,200,200,200,200,200,200,200,200,200,200,200,200,200,200,200,200,200,108.227,200,200,200,200,200,200,200,200,200,200,200,200,200,200,200,200,200,200,2,5176.59,149.777,0.0215348,4.04771,18.2326,47.8619,200,162.594,140.539,130.199,124.897,120.387,117.241,114.16,111.146,108.199,104.189,99.7733,91.9814,78.3017,61.0501,45.6802,23.9809,0.161157,126.122,125.603,127.266,126.767,0.334864,-1,-1,-1,-1,-1,0.9,0,0,4,0.014740282721566536,-90,-45,0,45,90,0
0.00669464,16.012,1,477.301,502.299,93.7608,4,0,200,200,200,200,200,200,200,200,200,200,200,200,200,200,200,200,127.563,200,200,200,200,200,200,200,200,200,200,200,200,200,200,200,200,200,200,200,2,6124.69,149.112,0.0670029,2.49608,18.6314,49.729,189.804,152.061,131.549,122.045,117.2,113.093,110.238,107.447,104.724,102.066,98.4575,94.495,87.5246,75.3327,59.6395,44.9962,23.6167,0.142841,125.558,125.046,126.697,126.205,0.334717,-1,-1,-1,-1,-1,0.9,0,0,4,0.019432575144330763,-90,-45,0,45,90,0
0.00672698,17.002,1,518.687,543.685,93.7512,5,0,200,200,200,200,200,200,200,200,200,200,200,200,200,200,200,200,147.705,200,200,200,200,200,200,200,200,200,200,200,200,200,200,200,200,200,200,200,2,5199.8,150.054,-0.0422517,0.299588,19.1378,57.6436,178.148,141.724,122.262,113.339,108.815,104.994,102.344,99.7601,97.2433,94.7928,91.4741,87.8398,81.4728,70.4022,56.228,42.9769,23.1306,0.125641,126.496,125.683,127.639,126.858,0.334408,-1,-1,-1,-1,-1,0.9,0,0,5,0.037137284225307474,-90,-45,0,45,90,0
0.0057171,18.014,1,561.009,586.007,93.7445,4,0,200,200,200,200,200,200,200,200,200,200,200,200,200,200,200,200,169.261,200,200,200,200,200,200,200,200,200,200,200,200,200,200,200,200,200,200,200,2,6261.17,149.283,-0.164503,0.307627,19.5708,59.4995,177.917,141.32,121.761,112.795,108.251,104.414,101.753,99.1593,96.6329,94.1738,90.8438,87.1985,80.816,69.7332,55.5778,42.3918,22.7446,0.105379,125.785,125.1,126.882,126.203,0.334256,-1,-1,-1,-1,-1,0.9,0,0,4,0.02601941,-90,-45,0,45,90,0
0.00516105,19.004,1,602.388,627.386,93.7364,5,0,200,200,200,200,200,200,200,200,200,200,200,200,200,200,200,200,191.034,200,200,200,200,200,200,200,200,200,200,200,200,200,200,200,200,200,200,200,2,5138.7,149.668,-0.159976,0.271137,19.9587,61.3475,177.564,140.829,121.197,112.202,107.644,103.795,101.127,98.5267,95.9943,93.5299,90.194,86.5431,80.1543,69.0743,54.9555,41.8456,22.3977,0.087557,126.097,125.435,127.224,126.581,0.3345,-1,-1,-1,-1,-1,0.9,0,0,4,0.025876263579429175,-90,-45,0,45,90,0
0.00478679,20.016,1,644.639,669.637,93.727,4,0,200,200,200,200,200,200,200,200,200,200,200,200,200,200,200,200,200,200,200,200,200,200,200,200,200,200,200,200,200,200,200,200,200,200,200,200,2,6421.6,150.272,-0.0805824,0.240377,20.3201,63.2004,177.175,140.316,120.623,111.602,107.032,103.175,100.501,97.8956,95.3587,92.8906,89.5502,85.8958,79.5045,68.4336,54.3577,41.3265,22.0739,0.0710917,126.555,125.85,129.763,129.763,0.334369,-1,-1,-1,-1,-1,0.9,0,0,4,0.032964338269206576,-90,-45,0,45,90,0
0.00360167,21.006,1,685.955,710.954,93.7212,4,0,200,200,200,200,200,200,200,200,200,200,200,200,200,200,200,200,200,200,200,200,200,200,200,200,200,200,200,200,200,200,200,200,200,200,200,200,2,6232.68,149.34,-0.167015,0.216223,20.6162,64.3966,177.215,140.206,120.422,111.36,106.769,102.895,100.209,97.5924,95.0449,92.5668,89.2131,85.5449,79.1322,68.033,53.947,40.9419,21.8074,0.0567017,125.865,125.117,127.002,126.283,0.334427,-1,-1,-1,-1,-1,0.9,0,0,4,0.026512416,-90,-45,0,45,90,0
0.0030576,22.018,1,728.145,753.143,93.7121,5,0,200,200,200,200,200,200,200,200,200,200,200,200,200,200,200,200,200,200,200,200,200,200,200,200,200,200,200,200,200,200,200,200,200,200,200,200,2,5188.03,150.026,-0.167507,0.1728,20.9003,65.8358,177.009,139.886,120.041,110.953,106.349,102.465,99.7726,97.1498,94.5968,92.1133,88.7534,85.0794,78.6591,67.5575,53.4934,40.5414,21.5515,0.0434855,126.436,125.698,127.58,126.869,0.334572,-1,-1,-1,-1,-1,0.9,0,0,5,0.025336732,-90,-45,0,45,90,0
0.00300801,23.008,1,769.4,794.399,93.7054,4,0,200,200,200,200,200,200,200,200,200,200,200,200,200,200,200,200,200,200,200,200,200,200,200,200,200,200,200,200,200,200,200,200,200,200,200,200,2,6264.34,149.358,-0.155481,0.179038,21.1614,67.4268,176.632,139.43,119.548,110.445,105.836,101.947,99.2526,96.6278,94.073,91.5885,88.228,84.5543,78.1373,67.0523,53.0325,40.1507,21.3167,0.0318095,125.84,125.17,126.939,126.274,0.334379,-1,-1,-1,-1,-1,0.9,0,0,4,0.026141483,-90,-45,0,45,90,0
0.00271618,24.02,1,811.545,836.543,93.6971,4,0,200,200,200,200,200,200,200,200,200,200,200,200,200,200,200,200,200,200,200,200,200,200,200,200,200,200,200,200,200,200,200,200,200,200,200,200,2,6336.87,149.731,-0.128537,0.165911,21.3944,68.7833,176.397,139.109,119.183,110.061,105.444,101.548,98.8493,96.2208,93.6626,91.1754,87.8114,84.1346,77.7151,66.6344,52.6422,39.8124,21.1066,0.0211304,126.168,125.47,127.31,126.639,0.33411,-1,-1,-1,-1,-1,0.9,0,0,4,0.029324939071416787,-90,-45,0,45,90,0
0.00250018,25.01,1,852.749,877.747,93.6885,5,0,200,200,200,200,200,200,200,200,200,200,200,200,200,200,200,200,200,200,200,200,200,200,200,200,200,200,200,200,200,200,200,200,200,200,200,200,2,5228.19,150.145,-0.075589,0.145305,21.601,70.0573,176.169,138.808,118.843,109.706,105.082,101.181,98.4787,95.8469,93.2863,90.7968,87.4301,83.7511,77.3305,66.2562,52.2909,39.5098,20.9203,0.0117086,126.532,125.805,127.678,126.979,0.334391,-1,-1,-1,-1,-1,0.9,0,0,5,0.033477588801198076,-90,-45,0,45,90,0
0.00164521,26,1,893.958,918.956,93.682,4,0,200,200,200,200,200,200,200,200,200,200,200,200,200,200,200,200,200,200,200,200,200,200,200,200,200,200,200,200,200,200,200,200,200,200,200,200,2,6238.5,149.487,-0.166346,0.133721,21.7706,70.7371,176.263,138.802,118.776,109.61,104.97,101.057,98.3462,95.7063,93.1378,90.6406,87.2643,83.5752,77.1378,66.0401,52.062,39.2904,20.7652,0.003243,125.979,125.25,127.117,126.417,0.334563,-1,-1,-1,-1,-1,0.9,0,0,4,0.026408882,-90,-45,0,45,90,0
0.00126922,27.012,1,936.045,961.043,93.6736,5,0,200,200,200,200,200,200,200,200,200,200,200,200,200,200,200,200,200,200,200,200,200,200,200,200,200,200,200,200,200,200,200,200,200,200,200,200,2,5170.84,149.835,-0.186136,0.0980469,21.9366,71.6883,176.163,138.631,118.564,109.38,104.732,100.812,98.097,95.4531,92.8807,90.3799,86.999,83.3058,76.8626,65.7615,51.7947,39.0542,20.6144,-0.00455526,126.253,125.562,127.395,126.73,0.334566,-1,-1,-1,-1,-1,0.9,0,0,4,0.022623823978764758,-90,-45,0,45,90,0
0.00149584,28.002,1,977.204,1002.2,93.6662,4,0,200,200,200,200,200,200,200,200,200,200,200,200,200,200,200,200,200,200,200,200,200,200,200,200,200,200,200,200,200,200,200,200,200,200,200,200,2,6397.01,149.47,-0.127185,0.0985128,22.0972,73.0219,176.017,138.252,118.173,108.987,104.338,100.418,97.7035,95.0608,92.4891,89.9901,86.6116,82.9219,76.487,65.4076,51.4837,38.7999,20.4705,-0.0114522,125.872,125.19,129.24,129.24,0.334597,-1,-1,-1,-1,-1,0.9,0,0,4,0.028943517092652027,-90,-45,0,45,90,0
0.00113034,29.014,1,1019.27,1044.27,93.6586,4,0,200,200,200,200,200,200,200,200,200,200,200,200,200,200,200,200,200,200,200,200,200,200,200,200,200,200,200,200,200,200,200,200,200,200,200,200,2,6300.5,149.572,-0.125558,0.0944604,22.2292,73.7896,179.67,138.513,118.024,108.822,104.166,100.239,97.5208,94.8734,92.2987,89.7958,86.4134,82.7191,76.2783,65.1935,51.2757,38.614,20.3502,-0.0177266,126.049,125.321,127.189,126.489,0.334234,-1,-1,-1,-1,-1,0.9,0,0,4,0.029654436832620867,-90,-45,0,45,90,0
0.00101089,30.004,1,1060.41,1085.41,93.65,5,0,200,200,200,200,200,200,200,200,200,200,200,200,200,200,200,200,200,200,200,200,200,200,200,200,200,200,200,200,200,200,200,200,200,200,200,200,2,5210.9,150,-0.0850005,0.0839107,22.351,74.6702,188.376,142.867,119.903,109.782,104.761,100.578,97.7092,94.9388,92.2645,89.6848,86.2282,82.4924,76.045,64.9647,51.0641,38.4328,20.2399,-0.0232768,126.419,125.671,127.562,126.842,0.334589,-1,-1,-1,-1,-1,0.9,0,0,5,0.032445278,-90,-45,0,45,90,0
0.000586987,31.016,1,1102.44,1127.44,93.6434,4,0,200,200,200,200,200,200,200,200,200,200,200,200,200,200,200,200,200,200,200,200,200,200,200,200,200,200,200,200,200,200,200,200,200,200,200,200,2,6174.41,149.284,-0.162867,0.082432,22.4551,69.6559,200,153.683,127.977,116.508,110.79,106.017,102.739,99.5714,96.5118,93.5599,89.6049,85.3334,78.0085,65.7797,51.0923,38.2911,20.1443,-0.0283752,125.781,125.106,126.919,126.27,0.334314,-1,-1,-1,-1,-1,0.9,0,0,4,0.024588679,-90,-45,0,45,90,0
0.000451803,32.006,1,1143.57,1168.57,93.6351,5,0,200,200,200,200,200,200,200,200,200,200,200,200,200,200,200,200,200,200,200,200,200,200,200,200,200,200,200,200,200,200,200,200,200,200,200,200,2,5154.45,149.733,0.0349071,-0.460228,22.3738,61.0027,200,167.787,140.027,127.44,121.113,115.807,112.15,108.605,105.172,101.852,97.3907,92.5587,84.2437,70.32,53.6594,39.3825,20.1675,-0.0325358,126.05,125.591,127.195,126.756,0.335715,-1,-1,-1,-1,-1,0.9,0,0,4,0.020786668,-90,-45,0,45,90,0
0.000221014,33.006,1,1185.13,1210.13,93.6274,4,0,200,200,200,200,200,200,200,200,200,200,200,200,200,200,200,200,200,200,200,200,200,200,200,200,200,200,200,200,200,200,200,200,200,200,200,200,2,6410.29,149.922,0.10222,-2.86331,22.3474,60.8488,200,168.012,140.191,127.597,121.267,115.958,112.298,108.749,105.314,101.99,97.525,92.6881,84.3642,70.4224,53.7371,39.4372,20.1913,-0.0315938,126.171,125.652,129.496,129.496,0.334805,-1,-1,-1,-1,-1,0.9,0,0,4,0.021615853,-90,-45,0,45,90,0
-2.15E-06,34.006,1,1226.72,1251.72,93.6219,4,0,200,200,200,200,200,200,200,200,200,200,200,200,200,200,200,200,200,200,200,200,200,200,200,200,200,200,200,200,200,200,200,200,200,200,200,200,2,6167.16,149.648,0.069243,-4.04516,22.3222,60.701,200,182.899,142.017,127.854,121.415,116.101,112.439,108.888,105.45,102.123,97.6541,92.8123,84.4794,70.5208,53.8119,39.4896,20.2138,-0.0307007,126.026,125.469,127.166,126.632,0.333898,-1,-1,-1,-1,-1,0.9,0,0,4,0.020340193542675144,-90,-45,0,45,90,0
6.58035e-05,35.006,1,1268.31,1293.31,93.6157,5,0,200,200,200,200,200,200,200,200,200,200,200,200,200,200,200,200,200,200,200,200,200,200,200,200,200,200,200,200,200,200,200,200,200,200,200,200,2,5148.6,149.77,0.0401924,-3.92383,22.3092,60.6693,200,200,175.507,145.783,133.74,124.742,119.033,113.832,109.074,104.706,99.159,93.5146,84.5366,70.5385,53.8312,39.5076,20.2261,-0.0300395,126.095,125.605,127.239,126.768,0.333467,-1,-1,-1,-1,-1,0.9,0,0,4,0.016845995,-90,-45,0,45,90,0
0.000288486,36.006,1,1309.87,1334.87,93.6081,4,0,200,200,200,200,200,200,200,200,200,200,200,200,200,200,200,200,200,200,200,200,200,200,200,200,200,200,200,200,200,200,200,200,200,200,200,200,2,6409.47,150.22,0.0817024,-2.37098,22.3012,58.1045,118.526,200,200,200,200,200,192.292,174.409,159.58,147.086,132.571,119.155,100.197,76.1349,54.6225,39.5101,20.2343,-0.0294352,126.406,125.921,129.462,129.462,0.331229,-1,-1,-1,-1,-1,0.9,0,0,4,0.019798572997982617,-90,-45,0,45,90,0
-4.42E-05,37.006,1,1351.46,1376.46,93.6021,4,0,200,200,200,200,200,200,200,200,200,200,200,200,200,200,200,200,200,200,200,200,200,200,200,200,200,200,200,200,200,200,200,200,200,200,200,200,2,6194.96,149.634,0.455942,-0.0927539,21.812,47.3698,74.1704,126.517,200,200,200,200,200,200,200,200,200,200,200,119.646,70.1209,44.7765,20.6144,-0.0282719,125.565,125.911,126.724,127.058,0.332145,-1,-1,-1,-1,-1,0.9,0,0,4,-0.006652372,-90,-45,0,45,90,0
-0.00109226,38.006,1,1393.02,1418.02,93.5935,5,0,200,200,200,200,200,200,200,200,200,200,200,200,200,200,200,200,200,200,200,200,200,200,200,200,200,200,200,200,200,200,200,200,200,200,200,200,2,5215.94,150.102,0.709111,-0.236632,21.4441,46.4782,72.6376,123.46,200,200,200,200,200,200,200,200,200,200,200,122.699,71.6494,45.6659,20.9818,-0.011988,126.146,126.117,127.302,127.274,0.333675,-1,-1,-1,-1,-1,0.9,0,0,5,-0.007415442,-90,-45,0,45,90,0
-4.12E-06,39.006,1,1434.62,1459.62,93.5868,4,0,200,200,200,200,200,200,200,200,200,200,200,200,200,200,200,200,200,200,200,200,200,200,200,200,200,200,200,200,200,200,200,200,200,200,200,200,2,6165.77,149.537,0.76212,-0.210244,21.1551,45.9468,71.9474,122.742,200,200,200,200,200,200,200,200,200,200,200,123.423,72.3446,46.1998,21.2713,0.00273431,125.654,125.66,126.806,126.812,0.333559,-1,-1,-1,-1,-1,0.9,0,0,4,-0.001990019,-90,-45,0,45,90,0
0.000279665,40.006,1,1476.18,1501.18,93.5783,5,0,200,200,200,200,200,200,200,200,200,200,200,200,200,200,200,200,200,200,200,200,200,200,200,200,200,200,200,200,200,200,200,200,200,200,200,200,2,5204.49,150.007,0.728954,-0.194653,20.8763,45.3657,71.0738,121.37,200,200,200,200,200,200,200,200,200,200,200,124.787,73.2154,46.7798,21.5499,0.0161577,126.049,126.055,127.206,127.211,0.333634,-1,-1,-1,-1,-1,0.9,0,0,5,-0.005161659,-90,-45,0,45,90,0
0.000949144,41.006,1,1517.76,1542.76,93.5716,4,0,200,200,200,200,200,200,200,200,200,200,200,200,200,200,200,200,200,200,200,200,200,200,200,200,200,200,200,200,200,200,200,200,200,200,200,200,2,6137.17,149.437,0.75212,-0.171216,20.6311,44.8902,70.4141,120.523,200,200,200,200,200,200,200,200,200,200,200,125.603,73.8626,47.2499,21.7942,0.0283644,125.564,125.581,126.716,126.733,0.333554,-1,-1,-1,-1,-1,0.9,0,0,4,-0.002839994,-90,-45,0,45,90,0
0.00127101,42.006,1,1559.34,1584.34,93.5631,5,0,200,200,200,200,200,200,200,200,200,200,200,200,200,200,200,200,200,200,200,200,200,200,200,200,200,200,200,200,200,200,200,200,200,200,200,200,2,5184.88,149.899,0.737642,-0.157045,20.412,44.4409,69.75,119.521,200,200,200,200,200,200,200,200,200,200,200,126.572,74.5137,47.6938,22.0124,0.0389924,125.951,125.97,127.108,127.125,0.333622,-1,-1,-1,-1,-1,0.9,0,0,4,-0.004099527,-90,-45,0,45,90,0
0.00177169,43.006,1,1600.91,1625.91,93.5564,4,0,200,200,200,200,200,200,200,200,200,200,200,200,200,200,200,200,200,200,200,200,200,200,200,200,200,200,200,200,200,200,200,200,200,200,200,200,2,6108.46,149.324,0.7656,-0.14534,20.2061,44.0347,69.1756,118.745,200,200,200,200,200,200,200,200,200,200,200,127.298,75.0675,48.0912,22.2168,0.0491657,125.478,125.478,126.628,126.628,0.333707,-1,-1,-1,-1,-1,0.9,0,0,4,-0.001400169,-90,-45,0,45,90,0
0.00203848,44.006,1,1642.51,1667.51,93.5479,5,0,200,200,200,200,200,200,200,200,200,200,200,200,200,200,200,200,200,200,200,200,200,200,200,200,200,200,200,200,200,200,200,200,200,200,200,200,2,5171.96,149.777,0.747957,-0.120733,20.0312,43.6759,68.6453,117.945,200,200,200,200,200,200,200,200,200,200,200,128.053,75.5805,48.4427,22.3905,0.0576492,125.853,125.863,127.008,127.018,0.333584,-1,-1,-1,-1,-1,0.9,0,0,4,-0.002693538,-90,-45,0,45,90,0
0.00253606,45.006,1,1684.06,1709.06,93.5411,4,0,200,200,200,200,200,200,200,200,200,200,200,200,200,200,200,200,200,200,200,200,200,200,200,200,200,200,200,200,200,200,200,200,200,200,200,200,2,6079.71,149.196,0.777674,-0.113179,19.8681,43.3618,68.2138,117.411,200,200,200,200,200,200,200,200,200,200,200,128.526,75.9859,48.7455,22.5516,0.065787,125.369,125.373,126.518,126.521,0.333735,-1,-1,-1,-1,-1,0.9,0,0,4,0.000350494,-90,-45,0,45,90,0
0.00257683,46.006,1,1725.65,1750.65,93.5322,5,0,200,200,200,200,200,200,200,200,200,200,200,200,200,200,200,200,200,200,200,200,200,200,200,200,200,200,200,200,200,200,200,200,200,200,200,200,2,5177,149.971,0.738511,-0.0917649,19.7149,43.0307,67.6981,116.54,200,200,200,200,200,200,200,200,200,200,200,129.357,76.4879,49.071,22.704,0.0730305,126.012,126.03,127.17,127.185,0.333522,-1,-1,-1,-1,-1,0.9,0,0,5,-0.003534285,-90,-45,0,45,90,0
0.00285721,47.006,1,1767.23,1792.22,93.5259,4,0,200,200,200,200,200,200,200,200,200,200,200,200,200,200,200,200,200,200,200,200,200,200,200,200,200,200,200,200,200,200,200,200,200,200,200,200,2,6247.73,149.048,0.763597,-0.0808125,19.5906,42.7825,67.3423,116.043,200,200,200,200,200,200,200,200,200,200,200,129.803,76.8229,49.3103,22.8268,0.0791337,125.261,125.241,126.267,126.174,0.333779,-1,-1,-1,-1,-1,0.9,0,0,4,-0.000711338,-90,-45,0,45,90,0
0.00321388,48.006,1,1808.8,1833.8,93.517,5,0,200,200,200,200,200,200,200,200,200,200,200,200,200,200,200,200,200,200,200,200,200,200,200,200,200,200,200,200,200,200,200,200,200,200,200,200,2,5163.34,149.828,0.766633,-0.0921594,19.4677,42.5435,67.01,115.618,200,200,200,200,200,200,200,200,200,200,186.134,130.167,77.1297,49.5383,22.9477,0.085237,125.894,125.91,127.049,127.064,0.333423,-1,-1,-1,-1,-1,0.9,0,0,4,-0.001147923,-90,-45,0,45,90,0
0.00329614,49.006,1,1850.38,1875.38,93.5101,4,0,200,200,200,200,200,200,200,200,200,200,200,200,200,200,200,200,200,200,200,200,200,200,200,200,200,200,200,200,200,200,200,200,200,200,200,200,2,6255.23,149.224,0.763652,-0.0579459,19.355,42.3039,66.6428,120.967,200,200,200,200,200,200,200,197.031,188.172,178.121,159.554,124.071,77.4819,49.7717,23.0594,0.0906077,125.411,125.388,126.416,126.323,0.33349,-1,-1,-1,-1,-1,0.9,0,0,4,-0.000577552,-90,-45,0,45,90,0
0.00355721,50.006,1,1891.99,1916.99,93.5018,5,0,200,200,200,200,200,200,200,200,200,200,200,200,200,200,200,200,200,200,200,200,200,200,200,200,200,200,200,200,200,200,200,200,200,200,200,200,2,5148.69,149.673,0.766118,-0.0574797,19.2723,42.1444,67.1245,200,200,195.112,186.484,179.065,173.847,168.701,163.631,158.641,151.799,144.197,130.623,106.449,75.6742,49.9224,23.1406,0.0947304,125.77,125.773,126.923,126.926,0.333598,-1,-1,-1,-1,-1,0.9,0,0,4,-0.000554229,-90,-45,0,45,90,0
0.00352812,51.006,1,1933.54,1958.54,93.4942,4,0,200,200,200,200,200,200,200,200,200,200,200,200,200,200,200,200,200,200,200,200,200,200,200,200,200,200,200,200,200,200,200,200,200,200,200,200,2,6410.38,149.344,0.76229,-0.0543541,19.1852,45.4287,200,190.768,161.773,148.362,141.545,135.781,131.782,127.885,124.09,120.398,115.406,109.953,100.454,84.1994,64.1948,46.7096,23.2148,0.098799,125.429,125.41,129.487,129.487,0.333461,-1,-1,-1,-1,-1,1,0,0,4,-0.001473829,-90,-45,0,45,90,0
0.0047509,52.006,1,1975.23,2000.23,93.486,5,0,200,200,200,200,200,200,200,200,200,200,200,200,200,200,200,200,200,200,200,200,200,200,200,200,200,200,200,200,200,200,200,200,200,200,200,200,2,5138.03,149.683,0.0524145,1.98874,19.6925,52.3576,200,171.279,144.286,132.028,125.857,120.672,117.094,113.62,110.251,106.987,102.592,97.8177,89.5602,75.5818,58.5162,43.5049,22.647,0.0930603,126.054,125.51,127.197,126.674,0.333661,-1,-1,-1,-1,-1,0.9,0,0,4,0.020424711,-90,-45,0,45,90,0
0.00444668,53.006,1,2016.92,2041.92,93.478,4,0,200,200,200,200,200,200,200,200,200,200,200,200,200,200,200,200,200,200,200,200,200,200,200,200,200,200,200,200,200,200,200,200,200,200,200,200,2,6079.87,149.077,0.0601435,3.7971,19.9454,53.168,200,169.838,143.85,131.57,125.387,120.193,116.609,113.13,109.756,106.488,102.09,97.3114,89.0518,75.0829,58.0588,43.1177,22.4148,0.0813354,125.529,125.018,126.668,126.177,0.334543,-1,-1,-1,-1,-1,0.9,0,0,4,0.020373606730780612,-90,-45,0,45,90,0
0.00425595,54.006,1,2058.58,2083.58,93.4667,5,0,200,200,200,200,200,200,200,200,200,200,200,200,200,200,200,200,200,200,200,200,200,200,200,200,200,200,200,200,200,200,200,200,200,200,200,200,2,5230.32,150.248,0.154013,4.27322,20.1723,53.917,200,164.649,141.013,129.851,124.109,119.217,115.802,112.454,109.177,105.972,101.61,96.8314,88.5722,74.6174,57.6373,42.7648,22.2062,0.0708984,126.545,125.981,127.693,127.15,0.334071,-1,-1,-1,-1,-1,0.9,0,0,5,0.026537591509201507,-90,-45,0,45,90,0
0.0036723,55.006,1,2100.25,2125.24,93.459,4,0,200,200,200,200,200,200,200,200,200,200,200,200,200,200,200,200,200,200,200,200,200,200,200,200,200,200,200,200,200,200,200,200,200,200,200,200,2,6240.06,149.456,0.0820984,3.303,20.3643,54.4701,195.983,156.339,134.515,124.336,119.131,114.713,111.637,108.629,105.69,102.822,98.9261,94.6458,87.121,74.0009,57.3272,42.489,22.0295,0.0616394,125.868,125.317,127.009,126.48,0.335962,-1,-1,-1,-1,-1,0.9,0,0,4,0.022352230963457113,-90,-45,0,45,90,0
0.00323742,56.006,1,2141.87,2166.86,93.4504,4,0,200,200,200,200,200,200,200,200,200,200,200,200,200,200,200,200,200,200,200,200,200,200,200,200,200,200,200,200,200,200,200,200,200,200,200,200,2,6410.36,149.276,0.0605066,1.1142,20.5389,59.369,182.614,144.931,124.619,115.265,110.515,106.499,103.712,100.993,98.3437,95.7639,92.2684,88.4404,81.7369,70.1052,55.3186,41.6978,21.8686,0.0533142,125.628,125.099,129.614,129.614,0.336743,-1,-1,-1,-1,-1,1,0,0,4,0.019765366374737865,-90,-45,0,45,90,0
0.0033614,57.006,1,2183.53,2208.53,93.4422,5,0,200,200,200,200,200,200,200,200,200,200,200,200,200,200,200,200,200,200,200,200,200,200,200,200,200,200,200,200,200,200,200,200,200,200,200,200,2,5148.39,149.704,-0.179487,0.188899,20.9215,66.1072,176.851,139.74,119.905,110.823,106.223,102.341,99.6514,97.0311,94.4802,91.9991,88.6429,84.9725,78.5594,67.4718,53.4275,40.4952,21.5329,0.0428569,126.111,125.481,127.254,126.649,0.334562,-1,-1,-1,-1,-1,0.9,0,0,4,0.022940286,-90,-45,0,45,90,0
0.00303524,58.006,1,2225.16,2250.15,93.4346,4,0,200,200,200,200,200,200,200,200,200,200,200,200,200,200,200,200,200,200,200,200,200,200,200,200,200,200,200,200,200,200,200,200,200,200,200,200,2,6410.7,149.325,-0.13175,0.182863,21.177,67.5398,176.597,139.392,119.509,110.406,105.797,101.908,99.2136,96.5891,94.0346,91.5503,88.1901,84.5167,78.1007,67.0176,53.0022,40.126,21.3028,0.0311462,125.753,125.052,129.486,129.486,0.334637,-1,-1,-1,-1,-1,1,0,0,4,0.029474204664699123,-90,-45,0,45,90,0
0.00237912,59.006,1,2266.8,2291.8,93.4264,5,0,200,200,200,200,200,200,200,200,200,200,200,200,200,200,200,200,200,200,200,200,200,200,200,200,200,200,200,200,200,200,200,200,200,200,200,200,2,5154.3,149.775,-0.185145,0.141665,21.3969,68.6191,176.532,139.225,119.283,110.154,105.531,101.632,98.9305,96.2991,93.7383,91.2485,87.8806,84.1995,77.7722,66.6779,52.6685,39.8241,21.1036,0.0206624,126.184,125.528,127.327,126.696,0.334345,-1,-1,-1,-1,-1,0.9,0,0,4,0.022552479879502433,-90,-45,0,45,90,0
0.00224894,60.006,1,2308.4,2333.4,93.4188,4,0,200,200,200,200,200,200,200,200,200,200,200,200,200,200,200,200,200,200,200,200,200,200,200,200,200,200,200,200,200,200,200,200,200,200,200,200,2,6417.49,149.4,-0.134571,0.141898,21.6072,69.9564,176.264,138.886,118.91,109.767,105.139,101.234,98.53,95.8964,93.3337,90.8419,87.4723,83.7904,77.3642,66.2795,52.3023,39.5116,20.9141,0.0111654,125.816,125.111,129.579,129.579,0.334372,-1,-1,-1,-1,-1,1,0,0,4,0.028991531,-90,-45,0,45,90,0
0.00176686,61.006,1,2350.03,2375.03,93.4106,5,0,200,200,200,200,200,200,200,200,200,200,200,200,200,200,200,200,200,200,200,200,200,200,200,200,200,200,200,200,200,200,200,200,200,200,200,200,2,5156.67,149.855,-0.17978,0.121658,21.7866,70.9224,176.188,138.729,118.706,109.542,104.904,100.992,98.2819,95.6428,93.0752,90.5791,87.204,83.5165,77.0822,65.991,52.022,39.2607,20.7511,0.0026591,126.25,125.597,127.394,126.765,0.334331,-1,-1,-1,-1,-1,0.9,0,0,4,0.023424767,-90,-45,0,45,90,0
0.00165861,62.006,1,2391.62,2416.62,93.403,4,0,200,200,200,200,200,200,200,200,200,200,200,200,200,200,200,200,200,200,200,200,200,200,200,200,200,200,200,200,200,200,200,200,200,200,200,200,2,6414.64,149.487,-0.133005,0.121823,21.9573,72.0825,175.97,138.453,118.401,109.225,104.582,100.666,97.954,95.3134,92.744,90.2464,86.8701,83.1818,76.7481,65.6651,51.7229,39.0059,20.597,-0.00505168,125.889,125.184,129.581,129.581,0.334325,-1,-1,-1,-1,-1,1,0,0,4,0.029467345,-90,-45,0,45,90,0
0.00137108,63.006,1,2433.17,2458.17,93.3954,4,0,200,200,200,200,200,200,200,200,200,200,200,200,200,200,200,200,200,200,200,200,200,200,200,200,200,200,200,200,200,200,200,200,200,200,200,200,2,6272.51,149.626,-0.153562,0.0875544,22.1038,72.9878,175.863,138.285,118.199,109.009,104.359,100.438,97.7217,95.0777,92.5056,90.005,86.6251,82.9338,76.4963,65.4118,51.4826,38.7952,20.4641,-0.0118815,126.062,125.4,127.187,126.54,0.334353,-1,-1,-1,-1,-1,0.9,0,0,4,0.025937930054894164,-90,-45,0,45,90,0
0.0011937,64.008,1,2474.77,2499.77,93.3872,4,0,200,200,200,200,200,200,200,200,200,200,200,200,200,200,200,200,200,200,200,200,200,200,200,200,200,200,200,200,200,200,200,200,200,200,200,200,2,6399.88,149.634,-0.123396,0.0950044,22.2384,73.9055,175.728,138.098,117.985,108.785,104.129,100.204,97.4851,94.8384,92.2641,89.7619,86.3799,82.6866,76.2477,65.1661,51.2534,38.5973,20.3421,-0.0180644,126.013,125.323,129.294,129.294,0.334492,-1,-1,-1,-1,-1,0.9,0,0,4,0.029120010854853415,-90,-45,0,45,90,0
0.000901874,65.02,1,2516.84,2541.84,93.3795,4,0,200,200,200,200,200,200,200,200,200,200,200,200,200,200,200,200,200,200,200,200,200,200,200,200,200,200,200,200,200,200,200,200,200,200,200,200,2,6307.16,149.734,-0.130117,0.0988833,22.3568,74.6373,175.666,137.982,117.839,108.625,103.963,100.033,97.3104,94.6609,92.0835,89.5789,86.1932,82.4965,76.0527,64.968,51.0631,38.4285,20.2342,-0.0236552,126.182,125.46,127.323,126.629,0.33424,-1,-1,-1,-1,-1,0.9,0,0,4,0.029308430022111615,-90,-45,0,45,90,0
0.000728305,66.01,1,2557.95,2582.95,93.371,5,0,200,200,200,200,200,200,200,200,200,200,200,200,200,200,200,200,200,200,200,200,200,200,200,200,200,200,200,200,200,200,200,200,200,200,200,200,2,5217.04,150.165,-0.0827893,0.0669511,22.4636,75.3819,175.572,137.846,117.679,108.455,103.789,99.8541,97.1299,94.4779,91.8986,89.3919,86.0044,82.3061,75.8599,64.7764,50.883,38.2722,20.1372,-0.028599,126.566,125.801,127.709,126.975,0.334459,-1,-1,-1,-1,-1,0.9,0,0,5,0.032423281,-90,-45,0,45,90,0
0.000290569,67,1,2599.08,2624.08,93.3644,4,0,200,200,200,200,200,200,200,200,200,200,200,200,200,200,200,200,200,200,200,200,200,200,200,200,200,200,200,200,200,200,200,200,200,200,200,200,2,6211.6,149.522,-0.178249,0.0737463,22.5523,75.7873,175.617,137.837,117.638,108.398,103.724,99.7828,97.0542,94.3978,91.8144,89.3038,85.9111,82.2072,75.7526,64.6573,50.7581,38.1543,20.0552,-0.0330343,125.988,125.3,127.127,126.466,0.33436,-1,-1,-1,-1,-1,0.9,0,0,4,0.023931151058246676,-90,-45,0,45,90,0
0.000211891,68.012,1,2641.1,2666.1,93.3561,5,0,200,200,200,200,200,200,200,200,200,200,200,200,200,200,200,200,200,200,200,200,200,200,200,200,200,200,200,200,200,200,200,200,200,200,200,200,2,5158.55,149.883,-0.177852,0.0509591,22.6419,76.4862,176.563,137.698,117.482,108.235,103.558,99.6146,96.8849,94.227,91.6423,89.1311,85.7377,82.0329,75.5781,64.4863,50.6007,38.0201,19.974,-0.0371053,126.275,125.619,127.419,126.788,0.334095,-1,-1,-1,-1,-1,0.9,0,0,4,0.022660019,-90,-45,0,45,90,0
0.000518497,69.002,1,2682.17,2707.17,93.3481,4,0,200,200,200,200,200,200,200,200,200,200,200,200,200,200,200,200,200,200,200,200,200,200,200,200,200,200,200,200,200,200,200,200,200,200,200,200,2,6410.44,149.894,-0.0831763,0.0575022,22.7311,77.5312,181.807,138.831,117.386,107.968,103.287,99.3457,96.6171,93.9617,91.3795,88.8702,85.4801,81.78,75.3341,64.2625,50.4113,37.8707,19.895,-0.0407227,126.232,125.536,129.463,129.463,0.334403,-1,-1,-1,-1,-1,0.9,0,0,4,0.031819684,-90,-45,0,45,90,0
1.78178e-05,70.014,1,2724.19,2749.18,93.341,4,0,200,200,200,200,200,200,200,200,200,200,200,200,200,200,200,200,200,200,200,200,200,200,200,200,200,200,200,200,200,200,200,200,200,200,200,200,2,6273.83,149.645,-0.135781,0.0585853,22.7917,76.2348,193.265,145.839,121.685,111.007,105.704,101.287,98.259,95.3354,92.5142,89.7944,86.1531,82.2221,75.4825,64.2082,50.342,37.7973,19.8378,-0.0439901,126.12,125.374,127.26,126.542,0.334248,-1,-1,-1,-1,-1,0.9,0,0,4,0.029436501247785962,-90,-45,0,45,90,0
-0.000223939,71.004,1,2765.26,2790.26,93.3325,5,0,200,200,200,200,200,200,200,200,200,200,200,200,200,200,200,200,200,200,200,200,200,200,200,200,200,200,200,200,200,200,200,200,200,200,200,200,2,5200.51,150.085,-0.118516,0.0350209,22.8504,67.399,200,158.952,132.174,120.149,114.136,109.109,105.654,102.31,99.0794,95.9601,91.7788,87.2609,79.5128,66.5971,51.1837,37.9231,19.7835,-0.046875,126.5,125.732,127.643,126.905,0.334229,-1,-1,-1,-1,-1,0.9,0,0,5,0.029058388799742818,-90,-45,0,45,90,0
-0.000596825,72.016,1,2807.25,2832.24,93.3258,4,0,200,200,200,200,200,200,200,200,200,200,200,200,200,200,200,200,200,200,200,200,200,200,200,200,200,200,200,200,200,200,200,200,200,200,200,200,2,6429.82,149.412,0.0540209,-1.69452,22.6732,61.8645,200,167.671,139.781,127.133,120.777,115.446,111.772,108.211,104.763,101.428,96.9494,92.0994,83.7579,69.8068,53.1562,38.937,19.8858,-0.0472249,125.73,125.232,129.87,129.87,0.337429,-1,-1,-1,-1,-1,0.9,0,0,4,0.017337378781562513,-90,-45,0,45,90,0
-0.00042278,73.006,1,2848.38,2873.38,93.3188,4,0,200,200,200,200,200,200,200,200,200,200,200,200,200,200,200,200,200,200,200,200,200,200,200,200,200,200,200,200,200,200,200,200,200,200,200,200,2,6308.53,149.906,0.0881777,-3.62113,22.6221,61.7163,200,169.653,139.826,127.188,120.836,115.51,111.839,108.28,104.835,101.503,97.0268,92.1796,83.8425,69.8958,53.243,39.0136,19.9339,-0.0447245,126.251,125.679,127.394,126.845,0.33587,-1,-1,-1,-1,-1,0.9,0,0,4,0.022549833295534803,-90,-45,0,45,90,0
-0.000150506,74.018,1,2890.44,2915.44,93.3129,5,0,200,200,200,200,200,200,200,200,200,200,200,200,200,200,200,200,200,200,200,200,200,200,200,200,200,200,200,200,200,200,200,200,200,200,200,200,2,5142.47,149.782,0.0778419,-4.21165,22.5802,61.6262,200,200,147.342,129.723,121.977,115.938,111.989,108.307,104.852,101.523,97.0516,92.2097,83.8807,69.9459,53.3006,39.0704,19.974,-0.0425252,126.104,125.615,127.233,126.756,0.334085,-1,-1,-1,-1,-1,0.9,0,0,4,0.019967058,-90,-45,0,45,90,0
-3.03E-05,75.008,1,2932.12,2957.12,93.2961,5,0,200,200,200,200,200,200,200,200,200,200,200,200,200,200,200,200,200,200,200,200,200,200,200,200,200,200,200,200,200,200,200,200,200,200,200,200,2,5428,155.916,0.0680271,-3.68919,22.542,61.513,200,200,200,172.071,153.085,139.627,131.389,124.077,117.545,111.674,104.388,97.1617,86.0394,70.1332,53.3663,39.1278,20.0099,-0.0406677,131.24,130.685,134.017,134.017,0.332968,-1,-1,-1,-1,-1,0.9,0,0,5,0.024190369,-90,-45,0,45,90,0
1.92483e-05,76.02,1,2977.22,3002.22,93.2714,5,0,200,200,200,200,200,200,200,200,200,200,200,200,200,200,200,200,200,200,200,200,200,200,200,200,200,200,200,200,200,200,200,200,200,200,200,200,2,5741.65,165.285,-0.0760257,-1.2762,22.5487,53.5536,91.9966,192.665,200,200,200,200,200,200,200,200,200,170.602,131.114,89.7603,59.0856,40.3294,20.0039,-0.0409119,139.095,138.579,141.763,141.763,0.327299,-1,-1,-1,-1,-1,0.9,0,0,5,0.021105214,-90,-45,0,45,90,0
-0.00191528,77.01,1,3023.83,3048.83,93.245,5,0,200,200,200,200,200,200,200,200,200,200,200,200,200,200,200,200,200,200,200,200,200,200,200,200,200,200,200,200,200,200,200,200,200,200,200,200,2,6048.92,173.855,0.799641,-0.28493,21.8383,47.259,73.7497,125.002,200,200,200,200,200,200,200,200,200,200,200,121.102,70.5134,44.8745,20.5857,-0.0314392,146.14,145.935,149.353,149.353,0.329143,-1,-1,-1,-1,-1,0.9,0,0,5,0.003221657,-90,-45,0,45,90,0
-0.000345532,78,1,3072.73,3097.72,93.2213,5,0,200,200,200,200,200,200,200,200,200,200,200,200,200,200,200,200,200,200,200,200,200,200,200,200,200,200,200,200,200,200,200,200,200,200,200,200,2,6206.36,180.248,0.872543,-0.253426,21.4927,46.6496,73.0031,124.397,200,200,200,200,200,200,200,200,200,200,200,121.76,71.2861,45.4959,20.9335,-0.0135241,151.486,151.433,153.247,153.247,0.327435,-1,-1,-1,-1,-1,0.29999999999999993,0,0,5,0.00487168,-90,-45,0,45,90,0
3.21229e-05,79.012,1,3123.34,3148.34,93.2073,5,0,200,200,200,200,200,200,200,200,200,200,200,200,200,200,200,200,200,200,200,200,200,200,200,200,200,200,200,200,200,200,200,200,200,200,200,200,2,6170.23,180.123,0.852904,-0.207763,21.1561,45.9521,71.9602,122.779,200,200,200,200,200,200,200,200,200,200,200,123.386,72.3317,46.1945,21.2703,0.00272452,151.431,151.323,152.326,152.39,0.327793,-1,-1,-1,-1,-1,0,0,0,5,0.00542973,-90,-45,0,45,90,0
0.00076836,80.002,1,3172.85,3197.85,93.1935,5,0,200,200,200,200,200,200,200,200,200,200,200,200,200,200,200,200,200,200,200,200,200,200,200,200,200,200,200,200,200,200,200,200,200,200,200,200,2,6209.85,180.05,0.894778,-0.183735,20.8742,45.4036,71.1961,121.785,200,200,200,200,200,200,200,200,200,200,200,124.364,73.0892,46.7401,21.5517,0.0167356,151.34,151.231,153.33,153.33,0.327855,-1,-1,-1,-1,-1,0.4,0,0,5,0.008063568,-90,-45,0,45,90,0
0.000708755,81.014,1,3223.47,3248.47,93.1796,5,0,200,200,200,200,200,200,200,200,200,200,200,200,200,200,200,200,200,200,200,200,200,200,200,200,200,200,200,200,200,200,200,200,200,200,200,200,2,6164.07,179.973,0.806233,-0.172191,20.6053,44.8136,70.2634,120.165,200,200,200,200,200,200,200,200,200,200,200,125.967,74.0162,47.3278,21.8202,0.0293435,151.3,151.201,152.161,152.251,0.327775,-1,-1,-1,-1,-1,0,0,0,5,0.000772336,-90,-45,0,45,90,0
0.00117892,82.004,1,3272.98,3297.98,93.1658,5,0,200,200,200,200,200,200,200,200,200,200,200,200,200,200,200,200,200,200,200,200,200,200,200,200,200,200,200,200,200,200,200,200,200,200,200,200,2,6174.91,179.957,0.829548,-0.151905,20.3842,44.3724,69.6309,119.278,200,200,200,200,200,200,200,200,200,200,200,126.815,74.6335,47.7626,22.0403,0.0402143,151.3,151.161,152.565,152.378,0.327845,-1,-1,-1,-1,-1,0.1,0,0,5,0.003597272,-90,-45,0,45,90,0
0.00186226,1,1,50.0968,3369.49,93.1458,5,82.434,200,200,200,200,200,200,200,200,200,200,200,200,200,200,200,200,200,200,200,200,200,200,200,200,200,200,200,200,200,200,200,200,200,200,200,200,2,6165.44,179.992,0.788579,-0.124075,20.1158,43.8457,68.89,118.292,200,200,200,200,200,200,200,200,200,200,200,127.73,75.3457,48.2771,22.3066,0.053498,151.255,151.277,152.145,152.334,0.327488,-1,-1,-1,-1,-1,0,0,0,5,-0.003755735,-90,-45,0,45,90,0
0.00265013,2.012,1,100.708,3420.1,93.1315,5,82.434,200,200,200,200,200,200,200,200,200,200,200,200,200,200,200,200,200,200,200,200,200,200,200,200,200,200,200,200,200,200,200,200,200,200,200,200,2,6238.99,180.27,0.834571,-0.103886,19.9577,43.567,68.551,118.039,200,200,200,200,200,200,200,200,200,200,200,127.914,75.653,48.5417,22.4622,0.0616798,151.408,151.498,154.047,154.047,0.327619,-1,-1,-1,-1,-1,0.6,0,0,5,-0.002012104,-90,-45,0,45,90,0
0.00284916,3.002,1,150.22,3469.62,93.1177,5,82.434,200,200,200,200,200,200,200,200,200,200,200,200,200,200,200,200,200,200,200,200,200,200,200,200,200,200,200,200,200,200,200,200,200,200,200,200,2,6239.15,180.262,0.823921,-0.0932291,19.8117,43.2647,68.1002,117.346,200,200,200,200,200,200,200,200,200,200,191.945,128.56,76.0853,48.8362,22.607,0.068734,151.4,151.493,154.051,154.051,0.327665,-1,-1,-1,-1,-1,0.6,0,0,5,-0.003112174,-90,-45,0,45,90,0
0.00276003,4.014,1,200.838,3520.23,93.1038,5,82.434,200,200,200,200,200,200,200,200,200,200,200,200,200,200,200,200,200,200,200,200,200,200,200,200,200,200,200,200,200,200,200,200,200,200,200,200,2,6205.52,180.233,0.821149,-0.0855569,19.675,42.9589,67.6079,121.483,200,200,200,200,200,200,200,198.723,189.704,179.456,160.469,123.932,76.5683,49.1385,22.7431,0.075073,151.46,151.432,153.225,153.225,0.327885,-1,-1,-1,-1,-1,0.29999999999999993,0,0,5,0.000254294,-90,-45,0,45,90,0
0.00301899,5.004,1,250.35,3569.75,93.09,5,82.434,200,200,200,200,200,200,200,200,200,200,200,200,200,200,200,200,200,200,200,200,200,200,200,200,200,200,200,200,200,200,200,200,200,200,200,200,2,6205.1,180.221,0.843892,-0.0715715,19.5638,42.7373,69.4119,200,200,188.499,180.077,172.85,167.775,162.778,157.863,153.034,146.424,139.099,126.07,103.029,73.9384,49.3517,22.8529,0.0805433,151.467,151.407,153.214,153.214,0.32776,-1,-1,-1,-1,-1,0.29999999999999993,0,0,5,0.002883005,-90,-45,0,45,90,0
0.0054129,6.016,1,300.969,3620.37,93.076,5,82.434,200,200,200,200,200,200,200,200,200,200,200,200,200,200,200,200,200,200,200,200,200,200,200,200,200,200,200,200,200,200,200,200,200,200,200,200,2,6168.08,180.07,0.779102,0.196708,19.8767,53.1183,200,170.568,143.586,131.34,125.177,120.001,116.429,112.962,109.6,106.344,101.961,97.2003,88.9709,75.0517,58.0804,43.1714,22.4772,0.0853821,151.333,151.323,152.225,152.385,0.326668,-1,-1,-1,-1,-1,0,0,0,5,-0.002196024,-90,-45,0,45,90,0
0.00318547,7.006,1,350.585,3669.98,93.0619,5,82.434,200,200,200,200,200,200,200,200,200,200,200,200,200,200,200,200,200,200,200,200,200,200,200,200,200,200,200,200,200,200,200,200,200,200,200,200,2,6237.85,179.818,-0.59795,3.8892,20.2613,54.0153,200,170.761,143.696,131.349,125.133,119.913,116.311,112.814,109.424,106.14,101.721,96.9223,88.6299,74.6212,57.5855,42.6825,22.1244,0.0658122,151.288,150.853,154.023,154.023,0.327394,-1,-1,-1,-1,-1,0.7000000000000001,0,0,5,0.001608013,-90,-45,0,45,90,0
0.00336459,8.018,1,401.271,3720.67,93.0466,5,82.434,200,200,200,200,200,200,200,200,200,200,200,200,200,200,200,200,200,200,200,200,200,200,200,200,200,200,200,200,200,200,200,200,200,200,200,200,2,6200.76,180.065,-0.371257,5.2241,20.6959,55.5722,200,165.569,141.251,129.726,123.788,118.723,115.185,111.715,108.327,105.044,100.63,95.838,87.5662,73.6173,56.7083,41.9709,21.7238,0.046344,151.593,151.018,153.099,153.099,0.328114,-1,-1,-1,-1,-1,0.29999999999999993,0,0,5,0.021653793797940354,-90,-45,0,45,90,0
0.0030356,9.008,1,450.829,3770.23,93.0318,5,82.434,200,200,200,200,200,200,200,200,200,200,200,200,200,200,200,200,200,200,200,200,200,200,200,200,200,200,200,200,200,200,200,200,200,200,200,200,2,6162.94,179.922,-0.305235,4.31587,21.0657,56.8172,195.875,155.847,133.782,123.485,118.221,113.752,110.642,107.601,104.63,101.73,97.794,93.471,85.8783,72.6708,56.0125,41.3904,21.3829,0.0293091,151.523,150.892,152.57,151.783,0.329718,-1,-1,-1,-1,-1,0,0,0,5,0.028836289593990466,-90,-45,0,45,90,0
0.0032894,10.02,1,501.457,3820.85,93.0165,5,82.434,200,200,200,200,200,200,200,200,200,200,200,200,200,200,200,200,200,200,200,200,200,200,200,200,200,200,200,200,200,200,200,200,200,200,200,200,2,6206.8,180.107,-0.208048,0.959525,21.4599,66.2242,178.825,141.175,120.973,111.703,107.005,103.038,100.289,97.6096,95.0013,92.4639,89.0304,85.2765,78.7176,67.3875,53.0813,39.9925,21.033,0.0135091,151.644,151.023,153.251,153.251,0.33273,-1,-1,-1,-1,-1,0.29999999999999993,0,0,5,0.041133085325302216,-90,-45,0,45,90,0
0.000930309,11.01,1,550.944,3870.34,93.0027,5,82.434,200,200,200,200,200,200,200,200,200,200,200,200,200,200,200,200,200,200,200,200,200,200,200,200,200,200,200,200,200,200,200,200,200,200,200,200,2,6237.43,179.79,-0.975319,0.315517,21.9692,71.7136,176.254,138.691,118.605,109.412,104.759,100.834,98.116,95.4688,92.8938,90.3899,87.0052,83.3076,76.8572,65.7442,51.7657,39.0194,20.5839,-0.0063741,151.394,150.684,154.008,154.008,0.328635,-1,-1,-1,-1,-1,0.7000000000000001,0,0,5,0.013055157905726048,-90,-45,0,45,90,0
0.000694096,12,1,600.394,3919.79,92.9884,5,82.434,200,200,200,200,200,200,200,200,200,200,200,200,200,200,200,200,200,200,200,200,200,200,200,200,200,200,200,200,200,200,200,200,200,200,200,200,2,6158.97,179.806,-0.722924,0.28822,22.4002,74.8365,175.685,137.976,117.818,108.596,103.93,99.9962,97.2724,94.6205,92.0412,89.5342,86.1466,82.4472,75.9992,64.9095,51.0016,38.3709,20.1943,-0.0258158,151.66,150.536,152.71,151.448,0.328621,-1,-1,-1,-1,-1,0,0,0,5,0.04430965,-90,-45,0,45,90,0
0.00172371,13.012,1,650.885,3970.28,92.9737,5,82.434,200,200,200,200,200,200,200,200,200,200,200,200,200,200,200,200,200,200,200,200,200,200,200,200,200,200,200,200,200,200,200,200,200,200,200,200,2,6198.86,180.026,-0.543193,0.266915,22.8209,79.5132,174.601,136.821,116.647,107.428,102.768,98.8395,96.1207,93.4751,90.9025,88.4035,85.0274,81.3433,74.9278,63.9145,50.1455,37.6851,19.82,-0.0433451,151.686,150.816,153.067,153.067,0.328419,-1,-1,-1,-1,-1,0.29999999999999993,0,0,5,0.051638229,-90,-45,0,45,90,0
-0.000299096,14.002,1,700.245,4019.64,92.9593,5,82.434,200,200,200,200,200,200,200,200,200,200,200,200,200,200,200,200,200,200,200,200,200,200,200,200,200,200,200,200,200,200,200,200,200,200,200,200,2,6267.39,180.039,-0.883984,0.221021,23.1054,80.3926,174.999,137.009,116.701,107.416,102.722,98.7651,96.0264,93.3613,90.7703,88.2529,84.8529,81.1435,74.6857,63.6091,49.79,37.3263,19.5528,-0.0582987,151.544,150.921,154.733,154.733,0.328681,-1,-1,-1,-1,-1,0.9,0,0,5,0.016704224098793248,-90,-45,0,45,90,0
-0.00216246,15.014,1,750.667,4070.06,92.9455,5,82.434,200,200,200,200,200,200,200,200,200,200,200,200,200,200,200,200,200,200,200,200,200,200,200,200,200,200,200,200,200,200,200,200,200,200,200,200,2,6200.22,179.718,-0.969816,0.177115,23.3604,81.1208,175.378,137.197,116.764,107.419,102.693,98.7093,95.9519,93.269,90.6603,88.1263,84.7041,80.9704,74.4728,63.337,49.4699,37.0025,19.3114,-0.0717997,151.471,150.532,153.085,153.085,0.329089,-1,-1,-1,-1,-1,0.4,0,0,5,0.019748463101397034,-90,-45,0,45,90,0
-0.000143528,16.004,1,799.963,4119.36,92.9309,5,82.434,200,200,200,200,200,200,200,200,200,200,200,200,200,200,200,200,200,200,200,200,200,200,200,200,200,200,200,200,200,200,200,200,200,200,200,200,2,6166.06,180.006,-0.562723,0.181142,23.6762,88.1436,174.034,135.868,115.48,106.167,101.462,97.4982,94.7552,92.088,89.4953,86.9777,83.5793,79.8744,73.4323,62.4099,48.7184,36.4377,19.0382,-0.0834676,151.727,150.798,152.787,151.723,0.328212,-1,-1,-1,-1,-1,0,0,0,5,0.050177588,-90,-45,0,45,90,0
-0.000379562,17.016,1,850.322,4169.72,92.9161,5,82.434,200,200,200,200,200,200,200,200,200,200,200,200,200,200,200,200,200,200,200,200,200,200,200,200,200,200,200,200,200,200,200,200,200,200,200,200,2,6233.45,180.106,-0.668701,0.171266,23.9053,92.9147,173.769,135.514,115.079,105.748,101.033,97.0628,94.3162,91.6447,89.049,86.5291,83.1278,79.4207,72.9777,61.9649,48.3097,36.0907,18.8297,-0.0939107,151.624,150.982,153.915,153.915,0.328346,-1,-1,-1,-1,-1,0.6,0,0,5,0.034378399,-90,-45,0,45,90,0
-0.00329614,18.006,1,899.561,4218.96,92.9026,5,82.434,200,200,200,200,200,200,200,200,200,200,200,200,200,200,200,200,200,200,200,200,200,200,200,200,200,200,200,200,200,200,200,200,200,200,200,200,2,6199.2,179.705,-0.963536,0.103939,24.0287,88.1624,174.797,136.329,115.737,106.324,101.566,97.5573,94.7835,92.0852,89.4635,86.9171,83.4805,79.7341,73.2223,62.0929,48.3068,35.9998,18.6974,-0.102879,151.458,150.518,153.061,153.061,0.328984,-1,-1,-1,-1,-1,0.4,0,0,5,0.020348347,-90,-45,0,45,90,0
-0.0022397,19.018,1,949.877,4269.28,92.8879,5,82.434,200,200,200,200,200,200,200,200,200,200,200,200,200,200,200,200,200,200,200,200,200,200,200,200,200,200,200,200,200,200,200,200,200,200,200,200,2,6160.1,179.836,-0.663127,0.109657,24.2398,200,174.017,135.539,114.963,105.565,100.816,96.817,94.0508,91.3605,88.7467,86.2091,82.785,79.0542,72.5729,61.5081,47.8256,35.6326,18.5136,-0.110992,151.681,150.561,152.74,151.481,0.32862,-1,-1,-1,-1,-1,0,0,0,5,0.048077508293373004,-90,-45,0,45,90,0
-0.00132561,20.008,1,999.08,4318.48,92.8733,5,82.434,200,200,200,200,200,200,200,200,200,200,200,200,200,200,200,200,200,200,200,200,200,200,200,200,200,200,200,200,200,200,200,200,200,200,200,200,2,6234.54,180.116,-0.674841,0.103752,24.4216,200,174.643,134.857,114.295,104.909,100.169,96.1784,93.4191,90.7353,88.1288,85.599,82.1859,78.4685,72.0137,61.0055,47.4127,35.3178,18.3561,-0.11795,151.634,150.987,153.946,153.946,0.328498,-1,-1,-1,-1,-1,0.6,0,0,5,0.034017407,-90,-45,0,45,90,0
-0.00281811,21.02,1,1049.36,4368.75,92.859,5,82.434,200,200,200,200,200,200,200,200,200,200,200,200,200,200,200,200,200,200,200,200,200,200,200,200,200,200,200,200,200,200,200,200,200,200,200,200,2,6267.73,180.054,-0.872073,0.0907563,24.5183,200,183.421,138.071,115.36,105.407,100.482,96.3886,93.586,90.8821,88.2614,85.7182,82.2868,78.549,72.0595,60.9941,47.3423,35.2147,18.2565,-0.124066,151.557,150.932,154.738,154.738,0.328384,-1,-1,-1,-1,-1,0.9,0,0,5,0.016850458,-90,-45,0,45,90,0
-0.00346184,22.01,1,1098.53,4417.93,92.8453,5,82.434,200,200,200,200,200,200,200,200,200,200,200,200,200,200,200,200,200,200,200,200,200,200,200,200,200,200,200,200,200,200,200,200,200,200,200,200,2,6158.77,179.784,-0.738324,0.0817655,24.6207,81.0657,199.945,149.47,123.373,111.775,106.01,101.209,97.9191,94.7442,91.6841,88.7372,84.7988,80.5586,73.3235,61.3625,47.2261,35.0743,18.1583,-0.129407,151.649,150.514,152.707,151.444,0.328543,-1,-1,-1,-1,-1,0,0,0,5,0.042232217,-90,-45,0,45,90,0
-0.00241685,23,1,1147.71,4467.11,92.8307,5,82.434,200,200,200,200,200,200,200,200,200,200,200,200,200,200,200,200,200,200,200,200,200,200,200,200,200,200,200,200,200,200,200,200,200,200,200,200,2,6234.15,180.11,-0.344152,-0.755377,24.5305,68.6099,200,164.489,136.081,123.218,116.765,111.361,107.641,104.04,100.559,97.1972,92.6905,87.8227,79.4882,65.678,49.4683,35.9072,18.1488,-0.133234,151.532,151.079,153.923,153.923,0.328238,-1,-1,-1,-1,-1,0.6,0,0,5,0.028504243518162595,-90,-45,0,45,90,0
-0.00364876,24.012,1,1198.07,4517.47,92.8174,5,82.434,200,200,200,200,200,200,200,200,200,200,200,200,200,200,200,200,200,200,200,200,200,200,200,200,200,200,200,200,200,200,200,200,200,200,200,200,2,6239.21,179.928,-0.520396,-4.11949,24.4189,67.7929,200,166.331,136.904,124.003,117.527,112.102,108.366,104.75,101.252,97.8731,93.343,88.4479,80.0621,66.1561,49.8175,36.1426,18.2435,-0.129669,151.357,150.945,154.058,154.058,0.328816,-1,-1,-1,-1,-1,0.7000000000000001,0,0,5,0.007223609,-90,-45,0,45,90,0
-0.00452447,25.002,1,1247.34,4566.74,92.8047,5,82.434,200,200,200,200,200,200,200,200,200,200,200,200,200,200,200,200,200,200,200,200,200,200,200,200,200,200,200,200,200,200,200,200,200,200,200,200,2,6164.07,179.97,-0.482211,-5.07753,24.319,67.143,200,200,146.582,127.747,119.585,113.27,109.162,105.35,101.8,98.4092,93.8621,88.9477,80.5247,66.5473,50.1105,36.3453,18.3303,-0.126202,151.679,150.805,152.723,151.69,0.328434,-1,-1,-1,-1,-1,0,0,0,5,0.022244564467073256,-90,-45,0,45,90,0
-0.00400066,26.014,1,1297.7,4617.1,92.7923,5,82.434,200,200,200,200,200,200,200,200,200,200,200,200,200,200,200,200,200,200,200,200,200,200,200,200,200,200,200,200,200,200,200,200,200,200,200,200,2,6268.09,180.095,-0.464929,-3.71954,24.2569,65.4756,153.708,200,200,200,180.448,158.958,146.508,135.876,126.692,118.68,109.039,99.7924,86.1427,67.7535,50.1931,36.4302,18.3921,-0.122766,151.624,150.939,154.756,154.756,0.328059,-1,-1,-1,-1,-1,0.9,0,0,5,0.016267676811890903,-90,-45,0,45,90,0
-0.00383073,27.004,1,1346.98,4666.37,92.7795,5,82.434,200,200,200,200,200,200,200,200,200,200,200,200,200,200,200,200,200,200,200,200,200,200,200,200,200,200,200,200,200,200,200,200,200,200,200,200,2,6205.09,179.86,-0.434055,-0.332176,23.6691,51.0893,79.5353,134.198,200,200,200,200,200,200,200,200,200,200,198.672,111.359,64.5258,40.9613,18.7414,-0.11943,151.508,150.737,153.207,153.207,0.328218,-1,-1,-1,-1,-1,0.4,0,0,5,0.022341781723235518,-90,-45,0,45,90,0
-0.00320274,28.016,1,1397.58,4716.98,92.7647,5,82.434,200,200,200,200,200,200,200,200,200,200,200,200,200,200,200,200,200,200,200,200,200,200,200,200,200,200,200,200,200,200,200,200,200,200,200,200,2,6171.27,180.162,0.976972,-0.377722,23.1095,49.8887,77.6767,131.095,200,200,200,200,200,200,200,200,200,200,200,114.642,66.4469,42.1868,19.3049,-0.0928754,151.54,151.287,152.557,152.208,0.327722,-1,-1,-1,-1,-1,0,0,0,5,0.019229019968892695,-90,-45,0,45,90,0
-0.0020178,29.006,1,1447.1,4766.5,92.7512,5,82.434,200,200,200,200,200,200,200,200,200,200,200,200,200,200,200,200,200,200,200,200,200,200,200,200,200,200,200,200,200,200,200,200,200,200,200,200,2,6167.48,180.068,0.896644,-0.330735,22.6029,48.9041,76.3031,129.286,200,200,200,200,200,200,200,200,200,200,200,116.673,67.9094,43.2093,19.818,-0.0676598,151.311,151.35,152.169,152.411,0.327517,-1,-1,-1,-1,-1,0,0,0,5,0.004261372,-90,-45,0,45,90,0
-0.00173122,30.018,1,1497.7,4817.1,92.7371,5,82.434,200,200,200,200,200,200,200,200,200,200,200,200,200,200,200,200,200,200,200,200,200,200,200,200,200,200,200,200,200,200,200,200,200,200,200,200,2,6269.37,180.133,0.833104,-0.291173,22.126,47.8982,74.7717,126.813,200,200,200,200,200,200,200,200,200,200,200,119.246,69.4776,44.2301,20.2973,-0.0448329,151.32,151.308,154.788,154.788,0.327325,-1,-1,-1,-1,-1,0.9,0,0,5,0.000115879,-90,-45,0,45,90,0
-0.000734631,31.008,1,1547.22,4866.61,92.7233,5,82.434,200,200,200,200,200,200,200,200,200,200,200,200,200,200,200,200,200,200,200,200,200,200,200,200,200,200,200,200,200,200,200,200,200,200,200,200,2,6271.8,180.154,0.821598,-0.271679,21.7334,47.1372,73.7147,125.443,200,200,200,200,200,200,200,200,200,200,200,120.694,70.5665,45.0049,20.6923,-0.0252733,151.28,151.383,154.837,154.837,0.327621,-1,-1,-1,-1,-1,0.9,0,0,5,-0.00397422,-90,-45,0,45,90,0
0.000135183,32.02,1,1597.83,4917.23,92.7091,5,82.434,200,200,200,200,200,200,200,200,200,200,200,200,200,200,200,200,200,200,200,200,200,200,200,200,200,200,200,200,200,200,200,200,200,200,200,200,2,6237.44,180.27,0.881336,-0.231412,21.3774,46.442,72.741,124.155,200,200,200,200,200,200,200,200,200,200,200,122.012,71.5518,45.7049,21.049,-0.00760587,151.438,151.469,154.011,154.011,0.327683,-1,-1,-1,-1,-1,0.6,0,0,5,0.002891383,-90,-45,0,45,90,0
0.000753403,33.01,1,1647.34,4966.74,92.6953,5,82.434,200,200,200,200,200,200,200,200,200,200,200,200,200,200,200,200,200,200,200,200,200,200,200,200,200,200,200,200,200,200,200,200,200,200,200,200,2,6241.19,180.273,0.855813,-0.218955,21.066,45.8194,71.8461,122.891,200,200,200,200,200,200,200,200,200,200,200,123.272,72.4438,46.3261,21.3602,0.00768636,151.406,151.506,154.102,154.102,0.327639,-1,-1,-1,-1,-1,0.6,0,0,5,-0.00078433,-90,-45,0,45,90,0
0.00115824,34,1,1696.86,5016.26,92.6815,5,82.434,200,200,200,200,200,200,200,200,200,200,200,200,200,200,200,200,200,200,200,200,200,200,200,200,200,200,200,200,200,200,200,200,200,200,200,200,2,6240.31,180.281,0.828204,-0.18758,20.7897,45.2535,71.0109,121.633,200,200,200,200,200,200,200,200,200,200,200,124.505,73.2689,46.8876,21.6357,0.0210977,151.399,151.523,154.081,154.081,0.327562,-1,-1,-1,-1,-1,0.6,0,0,5,-0.00351209,-90,-45,0,45,90,0
0.00168562,35.012,1,1747.48,5066.88,92.6676,5,82.434,200,200,200,200,200,200,200,200,200,200,200,200,200,200,200,200,200,200,200,200,200,200,200,200,200,200,200,200,200,200,200,200,200,200,200,200,2,6206.4,180.264,0.882331,-0.154801,20.5447,44.7654,70.3124,120.66,200,200,200,200,200,200,200,200,200,200,200,125.44,73.951,47.3686,21.8795,0.0331458,151.466,151.48,153.246,153.246,0.327388,-1,-1,-1,-1,-1,0.29999999999999993,0,0,5,0.003962736,-90,-45,0,45,90,0
0.00197983,36.002,1,1796.99,5116.39,92.6537,5,82.434,200,200,200,200,200,200,200,200,200,200,200,200,200,200,200,200,200,200,200,200,200,200,200,200,200,200,200,200,200,200,200,200,200,200,200,200,2,6243.51,180.029,0.861057,-0.144455,20.3306,44.3238,69.6562,119.658,200,200,200,200,200,200,200,200,200,200,190.943,126.4,74.5902,47.803,22.0924,0.0435054,151.221,151.264,154.157,154.157,0.327518,-1,-1,-1,-1,-1,0.7000000000000001,0,0,5,0.001399974,-90,-45,0,45,90,0
0.00208616,37.014,1,1847.61,5167.01,92.6398,5,82.434,200,200,200,200,200,200,200,200,200,200,200,200,200,200,200,200,200,200,200,200,200,200,200,200,200,200,200,200,200,200,200,200,200,200,200,200,2,6169.99,180.128,0.856944,-0.117517,20.1328,43.9015,69.006,125.224,200,200,200,200,200,200,200,198.367,189.267,178.919,159.722,122.666,75.2253,48.2191,22.2892,0.0529127,151.409,151.353,152.295,152.41,0.32752,-1,-1,-1,-1,-1,0,0,0,5,0.00408157,-90,-45,0,45,90,0
0.00243568,38.004,1,1897.12,5216.52,92.6259,5,82.434,200,200,200,200,200,200,200,200,200,200,200,200,200,200,200,200,200,200,200,200,200,200,200,200,200,200,200,200,200,200,200,200,200,200,200,200,2,6209.81,180.043,0.872852,-0.109141,19.9695,43.5747,70.8912,200,200,188.398,179.921,172.644,167.535,162.502,157.551,152.686,146.027,138.645,125.515,102.301,73.0615,48.5371,22.451,0.0609245,151.311,151.248,153.329,153.329,0.327885,-1,-1,-1,-1,-1,0.4,0,0,5,0.005228158,-90,-45,0,45,90,0
0.00371242,39.016,1,1947.73,5267.13,92.612,5,82.434,200,200,200,200,200,200,200,200,200,200,200,200,200,200,200,200,200,200,200,200,200,200,200,200,200,200,200,200,200,200,200,200,200,200,200,200,2,6163.77,179.951,0.804517,0.123872,20.2208,53.9782,200,170.706,143.557,131.23,125.026,119.815,116.22,112.73,109.347,106.069,101.659,96.8694,88.5939,74.6119,57.6047,42.7178,22.1616,0.0681661,151.254,151.2,152.137,152.259,0.327453,-1,-1,-1,-1,-1,0,0,0,5,0.000801839,-90,-45,0,45,90,0
0.00377911,40.006,1,1997.33,5316.73,92.5975,5,82.434,200,200,200,200,200,200,200,200,200,200,200,200,200,200,200,200,200,200,200,200,200,200,200,200,200,200,200,200,200,200,200,200,200,200,200,200,2,6233.66,180.112,-0.420653,3.83667,20.6039,55.333,200,169.783,142.661,130.312,124.1,118.885,115.286,111.795,108.411,105.135,100.726,95.9415,87.6809,73.7464,56.8432,42.0967,21.8089,0.0509257,151.526,151.118,153.918,153.918,0.328214,-1,-1,-1,-1,-1,0.6,0,0,5,0.013708931668364302,-90,-45,0,45,90,0
0.00292509,41.018,1,2047.99,5367.39,92.5824,5,82.434,200,200,200,200,200,200,200,200,200,200,200,200,200,200,200,200,200,200,200,200,200,200,200,200,200,200,200,200,200,200,200,200,200,200,200,200,2,6264.52,179.89,-0.46205,5.20915,20.9768,56.4764,200,165.302,140.875,129.293,123.325,118.235,114.678,111.191,107.795,104.508,100.085,95.2879,87.0106,73.0678,56.2011,41.5404,21.4646,0.0332052,151.312,150.914,154.666,154.666,0.328374,-1,-1,-1,-1,-1,0.9,0,0,5,0.011265362,-90,-45,0,45,90,0
0.00192993,42.008,1,2097.52,5416.93,92.5673,5,82.434,200,200,200,200,200,200,200,200,200,200,200,200,200,200,200,200,200,200,200,200,200,200,200,200,200,200,200,200,200,200,200,200,200,200,200,200,2,6238.21,179.908,-0.35556,4.31124,21.2978,57.4097,196.165,155.98,133.808,123.457,118.164,113.671,110.543,107.485,104.497,101.581,97.6228,93.276,85.6421,72.371,55.6714,41.0715,21.1668,0.0176676,151.52,150.75,154.03,154.03,0.329379,-1,-1,-1,-1,-1,0.7000000000000001,0,0,5,0.029719428509277494,-90,-45,0,45,90,0
0.00190132,43.02,1,2148.13,5467.53,92.5524,5,82.434,200,200,200,200,200,200,200,200,200,200,200,200,200,200,200,200,200,200,200,200,200,200,200,200,200,200,200,200,200,200,200,200,200,200,200,200,2,6156.89,179.746,-0.278392,1.09323,21.6506,66.5188,179.295,141.484,121.176,111.853,107.126,103.135,100.369,97.6734,95.0491,92.4955,89.0412,85.2638,78.6649,67.2708,52.9008,39.7828,20.8547,0.00326131,151.481,150.632,152.526,151.531,0.332064,-1,-1,-1,-1,-1,0,0,0,5,0.041545283,-90,-45,0,45,90,0
0.00234478,44.01,1,2197.6,5517,92.5381,5,82.434,200,200,200,200,200,200,200,200,200,200,200,200,200,200,200,200,200,200,200,200,200,200,200,200,200,200,200,200,200,200,200,200,200,200,200,200,2,6165.94,180.003,-0.589803,0.304573,22.2063,74.4714,175.3,137.747,117.69,108.519,103.879,99.9681,97.2594,94.6226,92.058,89.5654,86.1971,82.5185,76.1055,65.0698,51.2122,38.5979,20.3755,-0.0153625,151.726,150.797,152.789,151.711,0.328502,-1,-1,-1,-1,-1,0,0,0,5,0.048676778866078525,-90,-45,0,45,90,0
0.00104445,45,1,2247.03,5566.42,92.5237,5,82.434,200,200,200,200,200,200,200,200,200,200,200,200,200,200,200,200,200,200,200,200,200,200,200,200,200,200,200,200,200,200,200,200,200,200,200,200,2,6265.67,179.983,-0.854563,0.277103,22.5867,76.682,175.249,137.502,117.332,108.11,103.445,99.5117,96.7893,94.1391,91.5622,89.0576,85.6737,81.9799,75.5434,64.4831,50.6309,38.0709,20.0276,-0.0337158,151.466,150.902,154.699,154.699,0.328413,-1,-1,-1,-1,-1,0.9,0,0,5,0.018169472,-90,-45,0,45,90,0
-0.000708405,46.012,1,2297.5,5616.9,92.5093,5,82.434,200,200,200,200,200,200,200,200,200,200,200,200,200,200,200,200,200,200,200,200,200,200,200,200,200,200,200,200,200,200,200,200,200,200,200,200,2,6240.09,179.908,-0.939538,0.228101,22.913,78.129,175.471,137.519,117.221,107.937,103.242,99.2829,96.5422,93.8751,91.2814,88.7615,85.3567,81.6411,75.1696,64.0603,50.1795,37.6395,19.7246,-0.0502075,151.518,150.757,154.066,154.066,0.328804,-1,-1,-1,-1,-1,0.7000000000000001,0,0,5,0.016378513,-90,-45,0,45,90,0
-0.00128395,47.012,1,2347.35,5666.74,92.4949,5,82.434,200,200,200,200,200,200,200,200,200,200,200,200,200,200,200,200,200,200,200,200,200,200,200,200,200,200,200,200,200,200,200,200,200,200,200,200,2,6237.38,179.854,-0.905614,0.198247,23.2199,80.5685,175.231,137.147,116.776,107.461,102.75,98.7793,96.0312,93.3566,90.7564,88.2305,84.8188,81.0968,74.6174,63.5083,49.6594,37.1872,19.4438,-0.0645243,151.517,150.662,154.016,154.016,0.32892,-1,-1,-1,-1,-1,0.7000000000000001,0,0,5,0.021164282466250905,-90,-45,0,45,90,0
-0.000661198,48.012,1,2397.15,5716.55,92.4802,5,82.434,200,179.905,200,200,200,200,200,200,200,200,200,200,200,200,200,200,200,200,200,200,200,200,200,200,200,200,200,200,200,200,200,200,200,200,200,200,2,6231.5,180.025,-0.790668,0.177422,23.5179,84.8058,174.501,136.356,115.968,106.652,101.943,97.975,95.2294,92.5587,89.9621,87.4408,84.0365,80.3236,73.8656,62.8075,49.0547,36.7022,19.1779,-0.0770467,151.584,150.894,153.867,153.867,0.328619,-1,-1,-1,-1,-1,0.6,0,0,5,0.026332514379791828,-90,-45,0,45,90,0
-0.00113041,49.012,1,2446.93,5766.33,92.4663,5,82.434,200,159.223,200,200,200,200,200,200,200,200,200,200,200,200,200,200,200,200,200,200,200,200,200,200,200,200,200,200,200,200,200,200,200,200,200,200,2,6158.98,179.812,-0.688997,0.155178,23.7514,87.5415,174.328,136.079,115.633,106.292,101.57,97.593,94.8412,92.1644,89.5629,87.0365,83.6265,79.9083,73.4437,62.3852,48.6566,36.3563,18.9637,-0.087974,151.587,150.621,152.643,151.512,0.328549,-1,-1,-1,-1,-1,0,0,0,5,0.041153681,-90,-45,0,45,90,0
-0.00235826,50.012,1,2496.68,5816.08,92.452,5,82.434,200,138.874,200,200,200,200,200,200,200,200,200,200,200,200,200,200,200,200,200,200,200,200,200,200,200,200,200,200,200,200,200,200,200,200,200,200,2,6234.48,179.795,-0.869447,0.131156,23.9344,88.3331,174.553,136.171,115.639,106.255,101.512,97.5167,94.7523,92.0632,89.4501,86.9126,83.4874,79.7532,73.2626,62.166,48.4105,36.1146,18.7896,-0.0975647,151.464,150.612,153.93,153.93,0.3288,-1,-1,-1,-1,-1,0.7000000000000001,0,0,5,0.023454586888629038,-90,-45,0,45,90,0
-0.00153,51.012,1,2546.41,5865.81,92.4374,5,82.434,200,118.746,200,200,200,200,200,200,200,200,200,200,200,200,200,200,200,200,200,200,200,200,200,200,200,200,200,200,200,200,200,200,200,200,200,200,2,6201.46,180.104,-0.711228,0.126716,24.1474,200,173.866,135.462,114.934,105.559,100.823,96.834,94.0751,91.3919,88.7848,86.2541,82.8385,79.117,72.651,61.6095,47.945,35.7531,18.6025,-0.106034,151.703,150.951,153.125,153.125,0.328445,-1,-1,-1,-1,-1,0.29999999999999993,0,0,5,0.033278042502653704,-90,-45,0,45,90,0
-0.00128204,52.012,1,2596.13,5915.52,92.423,5,82.434,98.6182,200,200,200,200,200,200,200,200,200,200,200,200,200,200,200,200,200,200,200,200,200,200,200,200,200,200,200,200,200,200,200,200,200,200,200,2,6201.18,180.072,-0.64342,0.109701,24.3238,200,173.48,135.031,114.487,105.108,100.371,96.3825,93.6239,90.9417,88.3358,85.8067,82.3943,78.6767,72.221,61.206,47.5936,35.4692,18.4449,-0.113562,151.66,150.934,153.117,153.117,0.328509,-1,-1,-1,-1,-1,0.29999999999999993,0,0,5,0.038891200341922644,-90,-45,0,45,90,0
-0.00159055,53.012,1,2645.82,5965.22,92.4086,5,82.434,78.4829,200,200,200,200,200,200,200,200,200,200,200,200,200,200,200,200,200,200,200,200,200,200,200,200,200,200,200,200,200,200,200,200,200,200,200,2,6199.1,180.045,-0.656178,0.10515,24.4649,200,174.65,134.869,114.287,104.891,100.147,96.1518,93.3892,90.703,88.0939,85.5615,82.1454,78.4243,71.9641,60.9479,47.3507,35.2585,18.3147,-0.120199,151.632,150.92,153.068,153.068,0.328547,-1,-1,-1,-1,-1,0.29999999999999993,0,0,5,0.037411253398423286,-90,-45,0,45,90,0
-0.00185711,54.012,1,2695.5,6014.89,92.3941,5,82.434,62.1194,200,200,200,200,200,200,200,200,200,200,200,200,200,200,200,200,200,200,200,200,200,200,200,200,200,200,200,200,200,200,200,200,200,200,200,2,6198.76,180.019,-0.656636,0.0922218,24.589,200,182.537,137.383,114.806,104.919,100.028,95.9639,93.1811,90.4909,87.8788,85.3436,81.9241,78.2001,71.7363,60.7195,47.1357,35.0726,18.2002,-0.126029,151.613,150.894,153.058,153.058,0.328506,-1,-1,-1,-1,-1,0.29999999999999993,0,0,5,0.037246316466805436,-90,-45,0,45,90,0
-0.00209791,55.012,1,2745.16,6064.56,92.3791,5,82.434,200,200,200,200,200,200,200,200,200,200,200,200,200,200,200,200,200,200,200,200,200,200,200,200,200,200,200,200,200,200,200,200,200,200,200,46.8453,2,6238.7,180.18,-0.666975,0.0727225,24.698,82.6821,198.794,148.47,122.5,110.973,105.247,100.48,97.214,94.0634,91.0271,88.1044,84.1982,79.994,72.823,60.9725,46.9676,34.9091,18.0995,-0.131158,151.728,151.002,154.04,154.04,0.328593,-1,-1,-1,-1,-1,0.6,0,0,5,0.036879091,-90,-45,0,45,90,0
-0.003187,56.012,1,2794.84,6114.24,92.3647,5,82.434,200,200,200,200,200,200,200,200,200,200,200,200,200,200,200,200,200,200,200,200,200,200,200,200,200,200,200,200,200,200,200,200,200,200,200,31.8237,2,6238.03,180.195,-0.441879,-0.770769,24.5431,68.4282,200,164.856,136.391,123.498,117.027,111.608,107.878,104.266,100.774,97.4014,92.8801,87.9961,79.6331,65.7751,49.512,35.9146,18.1311,-0.134729,151.618,151.141,154.017,154.017,0.328547,-1,-1,-1,-1,-1,0.6,0,0,5,0.020756365318337515,-90,-45,0,45,90,0
-0.00331337,57.012,1,2844.59,6163.99,92.3515,5,82.434,200,200,200,200,200,200,200,200,200,200,200,200,200,200,200,200,200,200,200,200,200,200,200,200,200,200,200,200,200,200,200,200,200,16.6896,200,200,2,6202.68,180.149,-0.386368,-4.07269,24.4576,68.0463,200,165.936,136.66,123.768,117.298,111.877,108.146,104.534,101.041,97.6665,93.1427,88.255,79.8838,66.0048,49.7044,36.064,18.2098,-0.131022,151.628,151.112,153.152,153.152,0.328534,-1,-1,-1,-1,-1,0.29999999999999993,0,0,5,0.019324295,-90,-45,0,45,90,0
-0.00287468,58.012,1,2894.35,6213.75,92.3388,5,82.434,200,200,200,200,200,200,200,200,200,200,200,200,200,200,200,200,200,200,200,200,200,200,200,200,200,200,200,2.44981,200,200,200,200,200,200,200,200,2,6268.4,180.085,-0.397649,-5.06436,24.385,67.8849,200,200,145.031,126.593,118.586,112.384,108.346,104.596,101.09,97.7226,93.2067,88.3275,79.9696,66.109,49.8174,36.1701,18.2808,-0.127216,151.484,151.047,154.776,154.776,0.328122,-1,-1,-1,-1,-1,0.9,0,0,5,0.018052856,-90,-45,0,45,90,0
-0.00245315,59.012,1,2944.13,6263.52,92.326,5,82.434,200,200,200,200,200,200,200,200,200,200,200,200,200,200,200,200,200,200,16.7247,200,200,200,200,200,200,200,200,200,200,200,200,200,200,200,200,200,2,6208.6,180.326,-0.261748,-3.77476,24.318,66.1522,158.935,200,200,200,174.64,154.529,142.798,132.73,123.999,116.353,107.119,98.2287,85.0404,67.1531,49.92,36.267,18.3463,-0.123686,151.802,151.211,153.297,153.297,0.328085,-1,-1,-1,-1,-1,0.29999999999999993,0,0,5,0.030357293,-90,-45,0,45,90,0
-0.00306493,60.012,1,2993.9,6313.29,92.3161,5,82.434,200,200,200,200,200,200,200,200,200,200,200,200,200,200,200,200,200,200,34.2095,200,200,200,200,200,200,200,200,200,200,200,200,200,200,200,200,200,2,6160.75,179.865,-0.348602,-0.358214,23.7216,51.3447,80.1404,135.882,200,200,200,200,200,200,200,200,200,200,194.201,109.901,64.0145,40.7463,18.6957,-0.120292,151.483,150.813,152.531,151.713,0.32775,-1,-1,-1,-1,-1,0,0,0,5,0.024814270623087185,-90,-45,0,45,90,0
-0.00278742,61.012,1,3043.91,6363.31,92.3028,5,82.434,200,200,200,200,200,200,200,200,200,200,200,200,200,200,200,200,200,52.8644,200,200,200,200,200,200,200,200,200,200,200,200,200,200,200,200,200,200,2,6160.73,179.861,0.969022,-0.388671,23.1432,50.0006,77.9078,131.666,200,200,200,200,200,200,200,200,200,200,200,114.101,66.2317,42.0823,19.2725,-0.0940205,151.157,151.152,152.04,152.202,0.327555,-1,-1,-1,-1,-1,0,0,0,5,0.010343991272175987,-90,-45,0,45,90,0
-0.00247413,62.012,1,3093.92,6413.32,92.2892,5,82.434,200,200,200,200,200,200,200,200,200,200,200,200,200,200,200,200,200,72.6078,200,200,200,200,200,200,200,200,200,200,200,200,200,200,200,200,200,200,2,6269.82,180.154,0.81203,-0.34751,22.6061,48.8689,76.1866,128.892,200,200,200,200,200,200,200,200,200,200,200,117.035,68.0107,43.2375,19.8135,-0.0682959,151.286,151.373,154.806,154.806,0.327765,-1,-1,-1,-1,-1,0.9,0,0,5,-0.003528991,-90,-45,0,45,90,0
-0.00203783,63.012,1,3143.94,6463.33,92.2758,5,82.434,200,200,200,200,200,200,200,200,200,200,200,200,200,200,200,200,200,93.1236,200,200,200,200,200,200,200,200,200,200,200,200,200,200,200,200,200,200,2,6162.97,179.944,0.75048,-0.314684,22.1373,47.8949,74.7258,126.605,200,200,200,200,200,200,200,200,200,200,200,119.442,69.5166,44.2302,20.2854,-0.0456863,151.183,151.263,152.033,152.325,0.327789,-1,-1,-1,-1,-1,0,0,0,5,-0.009116523,-90,-45,0,45,90,0
-0.0010379,64.012,1,3193.95,6513.34,92.2622,5,82.434,200,200,200,200,200,200,200,200,200,200,200,200,200,200,200,200,200,114.323,200,200,200,200,200,200,200,200,200,200,200,200,200,200,200,200,200,200,2,6205.13,179.921,0.780838,-0.258355,21.7372,47.1184,73.6454,125.196,200,200,200,200,200,200,200,200,200,200,200,120.934,70.632,45.0219,20.6881,-0.0257651,151.132,151.214,153.214,153.214,0.327821,-1,-1,-1,-1,-1,0.4,0,0,5,-0.005819418,-90,-45,0,45,90,0
-0.000150983,65.012,1,3243.96,6563.35,92.2484,5,82.434,200,200,200,200,200,200,200,200,200,200,200,200,200,200,200,200,200,133.88,200,200,200,200,200,200,200,200,200,200,200,200,200,200,200,200,200,200,2,6239.23,179.986,0.821948,-0.222598,21.3848,46.4326,72.689,123.945,200,200,200,200,200,200,200,200,200,200,200,122.218,71.6022,45.7137,21.0416,-0.00824076,151.174,151.238,154.055,154.055,0.327773,-1,-1,-1,-1,-1,0.7000000000000001,0,0,5,-0.00171563,-90,-45,0,45,90,0
0.000483211,66.012,1,3293.97,6613.36,92.2344,5,82.434,200,200,200,200,200,200,200,200,200,200,200,200,200,200,200,200,200,150.78,200,200,200,200,200,200,200,200,200,200,200,200,200,200,200,200,200,200,2,6268.73,180.114,0.868006,-0.183926,21.0712,45.8071,71.7917,122.683,200,200,200,200,200,200,200,200,200,200,200,123.48,72.4988,46.3387,21.355,0.0071722,151.299,151.294,154.787,154.787,0.327716,-1,-1,-1,-1,-1,0.9,0,0,5,0.003163209,-90,-45,0,45,90,0
